mode,generated_tokens,max_context_len,end_to_end_latency_s,decode_latency_ms_per_token,throughput_tokens_per_sec
Without KV cache,1020,1024,53.3847131729126,52.33795409109078,19.106593243204834
With KV cache,1020,1024,13.96770429611206,13.693827741286333,73.02560094173236
